CC_Number,Owner_Name,Expiration_Date,CVV,Email
'3531059364694900','Whitby','9/21/2035','377','wvautier0@nyu.edu'
'3554152742683720','Roseline','12/19/2040','905','rscapelhorn1@bbb.org'
'3566760607994730','Dot','2/19/2032','468','dmeredyth2@rakuten.co.jp'
'4175006218345420','Minnnie','6/25/2037','882','mphilbrook3@wikispaces.com'
'3528126843321940','Alfie','12/25/2023','229','aeynaud4@bing.com'
'3587668806106370','Lutero','12/18/2026','531','lmabbot5@salon.com'
'5007669997963410','Malvina','7/31/2035','730','mboustred6@google.cn'
'5641827455550140','Maighdiln','11/09/2040','876','mfawthrop7@cnn.com'
'6706436644154320','Maud','7/18/2025','927','mcadell8@amazon.co.uk'
'3664776124982660','Lezley','12/10/2036','126','lzelner9@sourceforge.net'
'3053925647942040','Maurizia','04/10/2038','726','mbrockiea@virginia.edu'
'3482347130011350','Mora','6/26/2040','457','mvandijkb@elegantthemes.com'
'5020533778410550','Carmella','06/07/2038','988','ckemmisc@ucoz.com'
'5602238123913150','Cristina','1/26/2027','969','cpatzeltd@amazonaws.com,'
'4917769023356610','Jesus','12/26/2027','810','jcaruthe@goodreads.com'
'2018965677488820','Emily','08/06/2037','211','egoliglyf@biblegateway.com'
'5108759209367530','Steve','08/02/2031','812','sdacthg@wiley.com'
'5471270587971950','Sofia','12/19/2034','720','scleaverh@wordpress.com'
'3737553079285390','Alix','12/22/2030','335','ablazii@economist.com'
'4936013042815800','Gareth','05/01/2036','829','gsheddenj@state.gov'
'3559846809822740','Gusti','9/13/2028','980','ggrinnellk@netlog.com'
'5323804055720150','Dew','4/13/2027','464','dbartolomeul@yellowbook.com'
'2019471174779590','Trip','9/13/2035','717','tconwaym@slashdot.org'
'4903048292696740','Germayne','8/31/2030','522','gdryburghn@sfgate.com'
'5048370457418980','Angelita','05/07/2029','815','ahaggisho@arizona.edu'
'3572262983432260','Kiley','9/25/2038','571','kmartinellip@cam.ac.uk'
'4911682726860160','Isis','1/17/2038','333','iligerq@tiny.cc'
'6709637098407810','Ara','01/12/2035','264','aroskeillyr@statcounter.com'
'3528442074327820','Isacco','7/23/2039','172','imactavishs@ft.com'
'3574668423707500','Hans','2/22/2035','480','hdavidout@indiatimes.com'
'3746221345416210','Fulton','6/24/2024','860','fkrollmanu@php.net'
'5602223411517630','Evie','12/09/2025','782','egerrenv@wordpress.com'
'2016990749646160','Garrek','8/27/2036','875','gdinsmorew@adobe.com'
'3574405791447010','Delmar','06/11/2025','209','dogrowganex@sohu.com'
'5007662278059250','Ruben','03/07/2024','111','rgeffeny@wix.com'
'3546913791348360','Konrad','6/20/2033','786','kskeggsz@yahoo.com'
'4041373506152640','Salomi','5/14/2036','509','sseago10@hhs.gov'
'2015136341490650','Felic','4/26/2039','939','foflaherty11@unicef.org'
'3544920135298240','Ky','05/02/2038','921','kmundee12@xing.com'
'3560789481290600','Camala','7/16/2027','569','colphert13@free.fr'
'5007668843056090','Doretta','7/19/2038','215','dravenscroft14@economist.com'
'3563473242597610','Dulcy','8/24/2035','454','dbartolomucci15@ocn.ne.jp'
'3552145063988590','Jacob','10/11/2034','676','jtween16@ezinearticles.com'
'4341385725043890','Britt','6/22/2033','275','bguild17@wix.com'
'3588808322059480','Crystie','09/09/2033','999','ckeeri18@hibu.com'
'3557807874252000','Quinta','7/17/2032','205','qbrassington19@blogs.com'
'3580446822252140','Lavina','06/08/2036','676','ldowdle1a@upenn.edu'
'3571197587071890','Denni','01/05/2038','761','dfri1b@fda.gov'
'3040567930069410','Shellysheldon','09/12/2028','901','slamblot1c@fotki.com'
'2015473814782100','Dody','8/24/2033','581','daudsley1d@sfgate.com'
'6709006973561790','Cecilia','1/23/2038','720','cderycot1e@lycos.com'
'5100142319299710','Flemming','11/15/2029','818','frobottham1f@4shared.com'
'3543603548375410','Gabby','9/20/2029','817','gfranceschielli1g@princeton.edu'
'3532205499094850','Hashim','03/02/2034','232','hsimper1h@gmpg.org'
'5516626235445620','Meta','10/31/2025','291','mcaltun1i@hud.gov'
'3583713867810410','Tedi','5/15/2034','764','tpyper1j@shinystat.com'
'5020028545086450','Elroy','10/14/2032','417','efronks1k@fastcompany.com'
'5100146581013470','Barris','1/22/2025','548','bfivey1l@shareasale.com'
'6370610976500180','Kerwin','3/19/2035','524','kcovey1m@usnews.com'
'6304248670633230','Roanne','1/17/2024','416','rargo1n@tamu.edu'
'3545873567013730','Cate','12/29/2030','803','cbaggiani1o@ihg.com'
'3552182523723430','Bail','12/28/2039','156','bgianasi1p@flickr.com'
'5100144487185100','Lionello','9/14/2026','951','ltripcony1q@ovh.net'
'3564446877977090','Edita','10/21/2038','597','efoard1r@macromedia.com'
'4917476113708500','Anallise','12/30/2037','473','alunck1s@answers.com'
'5602228776439270','Marie-jeanne','4/13/2024','346','msalvage1t@who.int'
'5110164741830670','Harold','8/31/2032','929','hcoppen1u@noaa.gov'
'3580259806513460','Isabeau','11/12/2032','618','iheister1v@java.com'
'3567651519647820','Jud','2/16/2040','152','jbargh1w@gizmodo.com'
'3577294616756050','Adriana','05/08/2034','379','adobble1x@ibm.com'
'3531489318663910','Marge','8/26/2039','685','mclamo1y@bizjournals.com'
'3027085639386640','Arlan','2/14/2026','825','araubenheim1z@ocn.ne.jp'
'3528532265138500','Miran','9/21/2038','242','mchatres20@imgur.com'
'3541527947181570','Othello','12/10/2030','387','ofaires21@amazon.com'
'3467680518644810','Roshelle','12/08/2035','540','rsarsons22@simplemachines.org'
'3379412706782600','Leann','01/11/2040','212','lcammish23@cnbc.com'
'4041373603947310','Ellwood','06/08/2037','719','eobrian24@prlog.org'
'2016776757274420','Cordula','05/06/2035','989','ctenant25@friendfeed.com'
'5522467359969860','Alard','5/31/2028','278','abernard26@mysql.com'
'3581367400781480','Dorelia','1/30/2037','202','ddurham27@scribd.com'
'3541759424773960','Cordy','09/03/2028','991','cdenge28@apache.org'
'3556538111854980','Justinn','8/17/2026','682','jmuldowney29@deliciousdays.com'
'3564361085952810','Tildy','3/15/2034','367','tscandrett2a@spotify.com'
'6304270925278780','Steward','6/29/2037','662','svarran2b@flickr.com'
'6388469937980780','Horace','5/24/2031','982','hnucciotti2c@spiegel.de'
'4508768381962900','Alfy','12/06/2031','359','adaton2d@apache.org'
'4903675990994240','Remington','5/25/2026','887','rfolbige2e@artisteer.com'
'3552021332236360','Jeannine','2/22/2033','252','jplott2f@oracle.com'
'3559519826328080','Francesco','02/04/2029','939','ffearfull2g@yellowpages.com'
'6393799647326940','Moreen','4/17/2028','620','mscutt2h@google.pl'
'5602228092640180','Tann','7/26/2034','686','ttroak2i@newyorker.com'
'3587573335799560','Sybilla','10/22/2024','771','scotelard2j@walmart.com'
'5602253207256450','Winny','10/28/2030','656','wfransseni2k@webnode.com'
'5602259310157520','Pen','6/28/2029','221','pscotney2l@weebly.com'
'3530205157486020','Lorrie','9/16/2034','282','lfeaveer2m@aboutads.info'
'3579143170157530','Derek','11/26/2027','286','dloos2n@symantec.com'
'6709965216257180','Teresa','08/10/2028','794','tpattemore2o@bravesites.com'
'5602251701298820','Estrella','3/14/2039','997','econaghy2p@woothemes.com'
'3559941580559370','Sam','2/19/2035','286','srowena2q@technorati.com'
'5582420705510620','Sheri','11/02/2039','795','sbarosch2r@addtoany.com'