Email,Name_First,Name_Last,Address_L1,Address_L2 ,Address_Country,Address_City,Address_Postal_Code,Phone,Password
wvautier0@nyu.edu,Whitby,Vautier,46909 Fordem Drive,null,Canada,Picton,499,359-629-1447,H5YBxhp4x
rscapelhorn1@bbb.org,Roseline,Scapelhorn,91 Golf View Point,null,United States,New York City,141,646-904-7828,pZ8OzahqFCJ
dmeredyth2@rakuten.co.jp,Dot,Meredyth,90863 Cardinal Lane,null,Brazil,Porto Feliz,201,429-978-7374,Vky78liCKsJn
mphilbrook3@wikispaces.com,Minnnie,Philbrook,1368 Eastwood Avenue,null,Peru,Sitabamba,433,956-225-3392,hcWOZTAqC
aeynaud4@bing.com,Alfie,Eynaud,5406 Victoria Court,null,Poland,Czarna Woda,526,527-745-0305,jRZFDAuWvJ5
lmabbot5@salon.com,Lutero,Mabbot,204 Arkansas Way,null,Thailand,Chaloem Phra Kiat,240,725-510-5260,iPnT1bkFM
mboustred6@google.cn,Malvina,Boustred,03 Lillian Lane,null,France,Blois,621,134-325-2169,8sKokntP
mfawthrop7@cnn.com,Maighdiln,Fawthrop,24783 Goodland Crossing,null,Sweden,HÃ¤sselby,206,991-513-7530,GW6EBcXZl
mcadell8@amazon.co.uk,Maud,Cadell,46797 Chive Plaza,null,Brazil,EstÃ¢ncia Velha,962,795-955-7912,Zi36Lq2C7Gl
lzelner9@sourceforge.net,Lezley,Zelner,3911 Harbort Crossing,null,United States,Sioux Falls,657,605-463-5014,MbmfgE
mbrockiea@virginia.edu,Maurizia,Brockie,763 Schlimgen Court,null,Ukraine,Karlivka,259,780-500-6086,BHcrVYpVS
mvandijkb@elegantthemes.com,Mora,Van Dijk,546 Thompson Park,null,Brazil,Cascavel,417,121-447-1982,5Oiyz24pOb3
ckemmisc@ucoz.com,Carmella,Kemmis,350 Granby Alley,null,Ukraine,Uyutne,968,336-157-6910,VD49Sh
cpatzeltd@amazonaws.com,Cristina,Patzelt,55113 Crest Line Avenue,null,Poland,SoÅ›nie,754,599-347-4441,wHtzV0kMhfSn
jcaruthe@goodreads.com,Jesus,Caruth,89 American Ash Crossing,null,Poland,Krzykosy,237,933-117-1958,3jbvnoHSNz
egoliglyf@biblegateway.com,Emily,Goligly,6314 Hovde Court,null,Mexico,Hidalgo,361,773-803-3243,EoVJOy
sdacthg@wiley.com,Steve,D'Acth,13 Caliangt Drive,null,Pakistan,Thatta,993,314-117-2413,SEmuSN5T
scleaverh@wordpress.com,Sofia,Cleaver,237 Moose Junction,null,Greece,SourotÃ­,748,937-169-0171,IzMPJSWu6lY8
ablazii@economist.com,Alix,Blazi,51 Dottie Plaza,null,Greece,KÃ¡rystos,314,769-481-4959,YTAZVblvHy
gsheddenj@state.gov,Gareth,Shedden,32 Blaine Circle,null,Thailand,Watthana Nakhon,841,535-949-5578,fGcdpzrNS
ggrinnellk@netlog.com,Gusti,Grinnell,57 Emmet Street,null,Pakistan,MÅ«sa Khel BÄzÄr,649,659-337-7854,qK7fCEMkfi
dbartolomeul@yellowbook.com,Dew,Bartolomeu,1123 Spenser Hill,null,United States,New Orleans,783,504-815-3350,Du97lfA1
tconwaym@slashdot.org,Trip,Conway,8 Manley Trail,null,Brazil,Aparecida do Taboado,846,470-542-8833,taoRa1GeVlQ8
gdryburghn@sfgate.com,Germayne,Dryburgh,141 6th Lane,null,Peru,Turpay,995,322-571-1732,mukaA4S6
ahaggisho@arizona.edu,Angelita,Haggish,5627 Hagan Alley,null,Sweden,Haninge,355,313-873-9561,dFlBzZFj85ZR
kmartinellip@cam.ac.uk,Kiley,Martinelli,9 Reindahl Road,null,Canada,Coquitlam,851,627-462-9112,GlqIwBSkg
iligerq@tiny.cc,Isis,Liger,40 Anhalt Junction,null,Mexico,Del Valle,933,425-891-0138,8LcOd9
aroskeillyr@statcounter.com,Ara,Roskeilly,65262 Sunbrook Trail,null,Thailand,Ko Chan,509,978-674-8784,QbPlTc
imactavishs@ft.com,Isacco,MacTavish,292 Weeping Birch Center,null,Sweden,Sundsvall,452,104-130-6877,v8nvFB2s6Sb
hdavidout@indiatimes.com,Hans,Davidou,0973 Welch Court,null,Thailand,Si Satchanalai,913,329-575-9685,1y4ESl
fkrollmanu@php.net,Fulton,Krollman,48734 Mariners Cove Point,null,Sweden,Skoghall,327,271-114-9539,ZzvAaTdUk
egerrenv@wordpress.com,Evie,Gerren,25594 Rowland Trail,null,Poland,BiaÅ‚y BÃ³r,140,360-313-2876,kUhOTinikf
gdinsmorew@adobe.com,Garrek,Dinsmore,579 Sachtjen Place,null,Sweden,RÃ¶nninge,315,508-551-5181,0WW0wnHy
dogrowganex@sohu.com,Delmar,O'Growgane,1530 Grim Plaza,null,Peru,Copa,282,587-891-3804,hnCWjYRZd
rgeffeny@wix.com,Ruben,Geffen,9589 Elka Plaza,null,Vietnam,Thanh KhÃª,124,582-232-6980,v6faYVQSRq8R
kskeggsz@yahoo.com,Konrad,Skeggs,2088 Northfield Road,null,Sweden,HÃ¤rnÃ¶sand,622,694-804-2181,7wrXbf4ABpM
sseago10@hhs.gov,Salomi,Seago,697 Hayes Drive,null,Mexico,San Isidro,316,725-745-9746,OLGzfVp9G3gv
foflaherty11@unicef.org,Felic,O' Flaherty,30944 Summer Ridge Hill,null,Sweden,Vetlanda,855,471-402-7308,cgRLvnLA
kmundee12@xing.com,Ky,Mundee,3263 Ronald Regan Pass,null,Poland,Radostowice,359,256-613-3375,C1NElDXA
colphert13@free.fr,Camala,Olphert,8292 Talisman Park,null,Canada,Smiths Falls,351,321-382-9245,WCG4KcW64
dravenscroft14@economist.com,Doretta,Ravenscroft,17608 Towne Street,null,Canada,Blackfalds,482,416-919-9965,08rp9riVFm
dbartolomucci15@ocn.ne.jp,Dulcy,Bartolomucci,69172 Eagan Terrace,null,Peru,Choropampa,174,487-948-4669,j4K4k7Sw
jtween16@ezinearticles.com,Jacob,Tween,7 7th Street,null,Poland,Murcki,775,846-663-6815,GtWaMswSJ
bguild17@wix.com,Britt,Guild,49402 Village Court,null,Greece,KÃ­tsi,135,135-686-6771,R6t1zctifk
ckeeri18@hibu.com,Crystie,Keeri,97 Burrows Terrace,null,Vietnam,ThÃ nh Phá»‘ Nam Äá»‹nh,120,933-684-0959,1LL2vZyn
qbrassington19@blogs.com,Quinta,Brassington,511 Harper Point,null,Ukraine,Nova Praha,168,797-162-4001,986os1PMlmiz
ldowdle1a@upenn.edu,Lavina,Dowdle,9 Manufacturers Drive,null,Mexico,San Rafael,796,242-144-9656,ia09aQXb1J
dfri1b@fda.gov,Denni,Fri,12 Hudson Lane,null,United States,Los Angeles,123,323-395-0799,bhX69v
slamblot1c@fotki.com,Shellysheldon,Lamblot,44 Oak Valley Place,null,United States,Santa Monica,459,310-519-7209,WdPdHBz
daudsley1d@sfgate.com,Dody,Audsley,76 Valley Edge Place,null,Pakistan,ChakwÄl,142,874-809-5667,ZM6lNyOAW
cderycot1e@lycos.com,Cecilia,Derycot,4284 Anthes Street,null,Sweden,Ã„ngelholm,512,757-766-5163,TL23SGCmmZU
frobottham1f@4shared.com,Flemming,Robottham,16611 Schurz Way,null,Ukraine,Druzhba,780,857-560-8477,xkDPR3MU
gfranceschielli1g@princeton.edu,Gabby,Franceschielli,027 Spohn Alley,null,Thailand,Nong Saeng,963,658-288-6790,67RjKJb345
hsimper1h@gmpg.org,Hashim,Simper,79198 Parkside Alley,null,Ukraine,Khartsyzâ€™k,693,554-894-8790,UOTjru
mcaltun1i@hud.gov,Meta,Caltun,69977 Atwood Way,null,Canada,Mont-Laurier,465,237-565-1999,XB4TIDTG
tpyper1j@shinystat.com,Tedi,Pyper,9 Browning Avenue,null,Sweden,HÃ¤gersten,957,620-463-5364,hlKinj
efronks1k@fastcompany.com,Elroy,Fronks,89979 Nobel Center,null,Vietnam,Giá»“ng TrÃ´m,154,314-380-9164,MFedjZZao
bfivey1l@shareasale.com,Barris,Fivey,1 Graceland Hill,null,United States,Dallas,139,214-753-3263,e4EHI98
kcovey1m@usnews.com,Kerwin,Covey,1295 Jana Plaza,null,United States,Knoxville,777,865-456-8953,pfaptHkoH
rargo1n@tamu.edu,Roanne,Argo,64748 Basil Circle,null,Poland,SÅ‚awoborze,622,852-575-8889,AaLAiWA
cbaggiani1o@ihg.com,Cate,Baggiani,45 Rutledge Lane,null,Thailand,Khlong Khuean,118,371-154-6988,aIiODO
bgianasi1p@flickr.com,Bail,Gianasi,4 Toban Trail,null,Poland,Å»arnÃ³w,334,361-313-2496,Mgu0pty
ltripcony1q@ovh.net,Lionello,Tripcony,8 Warbler Court,null,United States,Merrifield,824,571-934-7277,cRi9feEkrKpr
efoard1r@macromedia.com,Edita,Foard,214 Forest Court,null,United States,Durham,542,919-365-6060,hpPT8h4V
alunck1s@answers.com,Anallise,Lunck,94 Kensington Center,null,Poland,Mrozy,962,835-938-3833,jE0S6G18hz8
msalvage1t@who.int,Marie-jeanne,Salvage,99 Banding Crossing,null,Sweden,Sundbyberg,278,486-164-7513,YcIn2G3
hcoppen1u@noaa.gov,Harold,Coppen,6942 Duke Circle,null,Greece,PÃ³rto ChÃ©li,156,267-588-4611,RGdQFuU8C
iheister1v@java.com,Isabeau,Heister,999 Drewry Street,null,France,Wissous,331,119-171-0828,D1yWtBMFqlww
jbargh1w@gizmodo.com,Jud,Bargh,10092 Pleasure Place,null,Poland,IÅ„sko,671,164-454-9704,2GuHOJ8
adobble1x@ibm.com,Adriana,Dobble,123 Algoma Trail,null,Brazil,CarandaÃ­,641,903-330-4226,vfCvfp
mclamo1y@bizjournals.com,Marge,Clamo,42 Blue Bill Park Plaza,null,France,Dijon,540,326-350-7127,Xx09MDti
araubenheim1z@ocn.ne.jp,Arlan,Raubenheim,72434 Scofield Pass,null,Poland,Pszczew,118,820-216-6779,cu8gTUt4Yu
mchatres20@imgur.com,Miran,Chatres,21870 Londonderry Point,null,Poland,Kraczkowa,123,403-308-7899,Po2GdIuFE6t6
ofaires21@amazon.com,Othello,Faires,44815 West Parkway,null,United States,Lakeland,347,863-651-1798,TQAGoS0OHHKJ
rsarsons22@simplemachines.org,Roshelle,Sarsons,3969 Brickson Park Lane,null,Peru,Chiara,354,790-878-0680,zkfeUY
lcammish23@cnbc.com,Leann,Cammish,56 Clyde Gallagher Street,null,Poland,DzikÃ³w Stary,192,909-262-2714,G10z9Txuby
eobrian24@prlog.org,Ellwood,O' Brian,87474 7th Circle,null,Brazil,Cabo Frio,949,107-100-3879,TA6rUfW
ctenant25@friendfeed.com,Cordula,Tenant,9870 Village Green Street,null,Poland,Nowy SÄ…cz,591,869-970-0892,dlTmw1lUBr
abernard26@mysql.com,Alard,Bernard,724 Debs Park,null,Sweden,Stockholm,692,162-757-7726,m1D2cFIVeVDR
ddurham27@scribd.com,Dorelia,Durham,95 Arizona Terrace,null,Poland,Pyzdry,759,698-734-6948,zwnVtfGrT1K
cdenge28@apache.org,Cordy,Denge,7243 Hanover Center,null,Guatemala,San Bernardino,234,672-610-2068,lLatfD1U
jmuldowney29@deliciousdays.com,Justinn,Muldowney,8 Muir Parkway,null,Brazil,SÃ£o FidÃ©lis,988,739-256-2881,W43JWkCq
tscandrett2a@spotify.com,Tildy,Scandrett,567 Milwaukee Circle,null,Mexico,Altavista,335,623-387-7344,DgJ19cw6JA7N
svarran2b@flickr.com,Steward,Varran,69760 Thompson Parkway,null,Peru,La Oroya,477,199-563-0868,afZkMa
hnucciotti2c@spiegel.de,Horace,Nucciotti,4527 Golf View Avenue,null,Peru,Ocucaje,680,868-279-3449,isdj2fEYU
adaton2d@apache.org,Alfy,Daton,015 Dayton Parkway,null,Brazil,Patos,129,323-193-3997,cnWKFMh8g
rfolbige2e@artisteer.com,Remington,Folbige,068 Pine View Point,null,Brazil,Brumadinho,227,920-480-3688,qZ27j0ih
jplott2f@oracle.com,Jeannine,Plott,4555 Memorial Drive,null,France,Firminy,886,491-438-9790,Z8pUEW8Qlj
ffearfull2g@yellowpages.com,Francesco,Fearfull,447 Hintze Trail,null,Brazil,Corinto,333,750-481-0953,I00szR
mscutt2h@google.pl,Moreen,Scutt,15 Lawn Lane,null,United States,Chesapeake,682,757-484-4651,zeoIBbtvT
ttroak2i@newyorker.com,Tann,Troak,53 Buena Vista Trail,null,Brazil,SÃ£o JosÃ© do Rio Preto,461,521-513-9443,rrVOmyKM
scotelard2j@walmart.com,Sybilla,Cotelard,4207 Myrtle Plaza,null,Poland,Czeremcha,762,489-448-5305,EGKiu1meJEV
wfransseni2k@webnode.com,Winny,Fransseni,5434 Warner Hill,null,Brazil,Campos Gerais,206,705-561-2837,ZdphG39
pscotney2l@weebly.com,Pen,Scotney,944 6th Drive,null,France,La TalaudiÃ¨re,340,258-578-9993,Ffa9AzEaf
lfeaveer2m@aboutads.info,Lorrie,Feaveer,275 Monterey Point,null,Poland,RyczÃ³w,874,325-264-5563,WxICVTQisg
dloos2n@symantec.com,Derek,Loos,1181 Mesta Point,null,Sweden,GÃ¶teborg,276,344-701-2153,lmSfTKyrwU
tpattemore2o@bravesites.com,Teresa,Pattemore,463 Armistice Street,null,Vietnam,PhÃº TÃºc,597,549-586-6914,jMGO5t
econaghy2p@woothemes.com,Estrella,Conaghy,912 Lyons Park,null,Poland,Jasienica Rosielna,555,664-270-6384,EbCHu6hC
srowena2q@technorati.com,Sam,Rowena,6 Dorton Way,null,France,Limoges,277,174-919-9285,zJJ8qE
sbarosch2r@addtoany.com,Sheri,Barosch,25 Susan Court,null,Poland,Raszczyce,220,523-903-7295,Hu7w20
