CC_Number,Owner_Name,Expiration_Date,CVV,Email,,,
2015136341490650,Felic,4/19/2007,939,foflaherty11@unicef.org,,,
2015473814782100,Dody,05/07/2005,581,daudsley1d@sfgate.com,,,
2016776757274420,Cordula,02/08/2007,989,ctenant25@friendfeed.com,,,
2016990749646160,Garrek,4/13/2008,875,gdinsmorew@adobe.com,,,
2018965677488820,Emily,3/23/2008,211,egoliglyf@biblegateway.com,,,
2019471174779590,Trip,06/01/2007,717,tconwaym@slashdot.org,,,
3027085639386640,Arlan,06/01/2008,825,araubenheim1z@ocn.ne.jp,,,
3040567930069410,Shellysheldon,05/03/2007,901,slamblot1c@fotki.com,,,
3053925647942040,Maurizia,3/16/2008,726,mbrockiea@virginia.edu,,,
3379412706782600,Leann,06/06/2007,212,lcammish23@cnbc.com,,,
3467680518644810,Roshelle,01/04/2006,540,rsarsons22@simplemachines.org,,,
3482347130011350,Mora,1/17/2005,457,mvandijkb@elegantthemes.com,,,
3528126843321940,Alfie,02/08/2008,229,aeynaud4@bing.com,,,
3528442074327820,Isacco,04/09/2007,172,imactavishs@ft.com,,,1
3528532265138500,Miran,08/04/2005,242,mchatres20@imgur.com,,,
3530205157486020,Lorrie,7/31/2008,282,lfeaveer2m@aboutads.info,,,
3531059364694900,Whitby,08/04/2007,377,wvautier0@nyu.edu,,,
3531489318663910,Marge,12/30/2007,685,mclamo1y@bizjournals.com,,,
3532205499094850,Hashim,12/07/2006,232,hsimper1h@gmpg.org,,,
3541527947181570,Othello,01/02/2007,387,ofaires21@amazon.com,,,
3541759424773960,Cordy,06/12/2007,991,cdenge28@apache.org,,,
3543603548375410,Gabby,12/08/2007,817,gfranceschielli1g@princeton.edu,,,
3544920135298240,Ky,4/22/2007,921,kmundee12@xing.com,,,
3545873567013730,Cate,5/18/2008,803,cbaggiani1o@ihg.com,,,
3546913791348360,Konrad,2/16/2005,786,kskeggsz@yahoo.com,,,
3552021332236360,Jeannine,6/22/2005,252,jplott2f@oracle.com,,,
3552145063988590,Jacob,2/25/2008,676,jtween16@ezinearticles.com,,,
3552182523723430,Bail,12/18/2006,156,bgianasi1p@flickr.com,,,
3554152742683720,Roseline,12/06/2007,905,rscapelhorn1@bbb.org,,,
3556538111854980,Justinn,6/14/2008,682,jmuldowney29@deliciousdays.com,,,
3557807874252000,Quinta,03/04/2005,205,qbrassington19@blogs.com,,,
3559519826328080,Francesco,6/25/2005,939,ffearfull2g@yellowpages.com,,,
3559846809822740,Gusti,08/09/2005,980,ggrinnellk@netlog.com,,,
3559941580559370,Sam,07/05/2007,286,srowena2q@technorati.com,,,
3560789481290600,Camala,4/24/2008,569,colphert13@free.fr,,,
3563473242597610,Dulcy,4/24/2007,454,dbartolomucci15@ocn.ne.jp,,,
3564361085952810,Tildy,12/15/2007,367,tscandrett2a@spotify.com,,,
3564446877977090,Edita,12/20/2006,597,efoard1r@macromedia.com,,,
3566760607994730,Dot,03/07/2008,468,dmeredyth2@rakuten.co.jp,,,
3567651519647820,Jud,9/29/2006,152,jbargh1w@gizmodo.com,,,
3571197587071890,Denni,05/03/2005,761,dfri1b@fda.gov,,,
3572262983432260,Kiley,06/05/2005,571,kmartinellip@cam.ac.uk,,,
3574405791447010,Delmar,4/15/2007,209,dogrowganex@sohu.com,,,
3574668423707500,Hans,08/11/2005,480,hdavidout@indiatimes.com,,,
3577294616756050,Adriana,5/30/2007,379,adobble1x@ibm.com,,,
3579143170157530,Derek,07/02/2007,286,dloos2n@symantec.com,,,
3580259806513460,Isabeau,5/29/2008,618,iheister1v@java.com,,,
3580446822252140,Lavina,12/31/2007,676,ldowdle1a@upenn.edu,,,
3581367400781480,Dorelia,08/12/2007,202,ddurham27@scribd.com,,,
3583713867810410,Tedi,8/13/2008,764,tpyper1j@shinystat.com,,,
3587573335799560,Sybilla,6/27/2008,771,scotelard2j@walmart.com,,,
3587668806106370,Lutero,03/11/2007,531,lmabbot5@salon.com,,,
3588808322059480,Crystie,4/30/2008,999,ckeeri18@hibu.com,,,
3664776124982660,Lezley,8/15/2007,126,lzelner9@sourceforge.net,,,
3737553079285390,Alix,12/27/2005,335,ablazii@economist.com,,,
3746221345416210,Fulton,04/10/2007,860,fkrollmanu@php.net,,,
4041373506152640,Salomi,2/17/2005,509,sseago10@hhs.gov,,,
4041373603947310,Ellwood,08/08/2005,719,eobrian24@prlog.org,,,
4175006218345420,Minnnie,09/08/2006,882,mphilbrook3@wikispaces.com,,,
4341385725043890,Britt,12/27/2007,275,bguild17@wix.com,,,
4508768381962900,Alfy,6/19/2007,359,adaton2d@apache.org,,,
4903048292696740,Germayne,04/03/2008,522,gdryburghn@sfgate.com,,,
4903675990994240,Remington,12/20/2004,887,rfolbige2e@artisteer.com,,,
4911682726860160,Isis,04/06/2008,333,iligerq@tiny.cc,,,
4917476113708500,Anallise,1/20/2007,473,alunck1s@answers.com,,,
4917769023356610,Jesus,3/21/2007,810,jcaruthe@goodreads.com,,,
4936013042815800,Gareth,3/29/2008,829,gsheddenj@state.gov,,,
5007662278059250,Ruben,4/17/2006,111,rgeffeny@wix.com,,,
5007668843056090,Doretta,4/24/2005,215,dravenscroft14@economist.com,,,
5007669997963410,Malvina,03/12/2007,730,mboustred6@google.cn,,,
5020028545086450,Elroy,5/15/2006,417,efronks1k@fastcompany.com,,,
5020533778410550,Carmella,3/20/2008,988,ckemmisc@ucoz.com,,,
5048370457418980,Angelita,04/03/2007,815,ahaggisho@arizona.edu,,,
5100142319299710,Flemming,12/06/2005,818,frobottham1f@4shared.com,,,
5100144487185100,Lionello,5/21/2007,951,ltripcony1q@ovh.net,,,
5100146581013470,Barris,5/15/2007,548,bfivey1l@shareasale.com,,,
5108759209367530,Steve,9/25/2007,812,sdacthg@wiley.com,,,
5110164741830670,Harold,12/26/2005,929,hcoppen1u@noaa.gov,,,
5323804055720150,Dew,1/28/2006,464,dbartolomeul@yellowbook.com,,,
5471270587971950,Sofia,3/27/2005,720,scleaverh@wordpress.com,,,
5516626235445620,Meta,05/11/2008,291,mcaltun1i@hud.gov,,,
5522467359969860,Alard,08/12/2005,278,abernard26@mysql.com,,,
5582420705510620,Sheri,08/08/2005,795,sbarosch2r@addtoany.com,,,
5602223411517630,Evie,04/11/2007,782,egerrenv@wordpress.com,,,
5602228092640180,Tann,6/26/2008,686,ttroak2i@newyorker.com,,,
5602228776439270,Marie-jeanne,5/25/2006,346,msalvage1t@who.int,,,
5602238123913150,Cristina,3/20/2007,969,cpatzeltd@amazonaws.com,,,
5602251701298820,Estrella,01/03/2008,997,econaghy2p@woothemes.com,,,
5602253207256450,Winny,9/28/2005,656,wfransseni2k@webnode.com,,,
5602259310157520,Pen,6/29/2005,221,pscotney2l@weebly.com,,,
5641827455550140,Maighdiln,3/14/2008,876,mfawthrop7@cnn.com,,,
6304248670633230,Roanne,12/16/2005,416,rargo1n@tamu.edu,,,
6304270925278780,Steward,3/17/2007,662,svarran2b@flickr.com,,,
6370610976500180,Kerwin,11/13/2006,524,kcovey1m@usnews.com,,,
6388469937980780,Horace,12/17/2006,982,hnucciotti2c@spiegel.de,,,
6393799647326940,Moreen,1/23/2007,620,mscutt2h@google.pl,,,
6706436644154320,Maud,3/15/2006,927,mcadell8@amazon.co.uk,,,
6709006973561790,Cecilia,05/06/2007,720,cderycot1e@lycos.com,,,
6709637098407810,Ara,04/09/2005,264,aroskeillyr@statcounter.com,,,
6709965216257180,Teresa,07/04/2005,794,tpattemore2o@bravesites.com,,,
